"","c.0..penalty.","lambda.low.est","lambda.high.est","gamma.low.est","gamma.high.est","P.11.est","P.12.est","P.21.est","P.22.est","MSPE.est","accept"
"1",0,0.01,0.12,0.005,0.005,0.995,0.005,0.005,0.995,0,5000
"2",1,0.000658064682249789,0.0791599178521308,1.73065174231822,0.17291934688847,0.189411282442121,0.810588717557879,0.158553943440232,0.841446056559768,0.0670912891154416,92
